Entry,Reviewed,Entry Name,Protein names,Gene Names,Organism,Length,Sequence
P86211,reviewed,G3PT_MESAU,"Glyceraldehyde-3-phosphate dehydrogenase, testis-specific (EC 1.2.1.12) (Spermatogenic glyceraldehyde-3-phosphate dehydrogenase)",GAPDHS,Mesocricetus auratus (Golden hamster),100,DRCPCPCPCPCPCPVIRPPPPKELTVGINGFGRVVAVNDPFIDPEYMVYMFKYDSTHGRRVVVTAPSPDAPMFVMGVNEKGKLTGMAFRVVDLLRYMFSR
P70685,reviewed,G3P_CAVPO,Glyceraldehyde-3-phosphate dehydrogenase (GAPDH) (EC 1.2.1.12) (Peptidyl-cysteine S-nitrosylase GAPDH) (EC 2.6.99.-),GAPDH GAPD,Cavia porcellus (Guinea pig),123,GIVEGLMTTVHAITATQKTVDGPSGKLWRDGRAAAQNIIPASTGAAKAVGKVIPELNGKLTGMAFRVPTPNVSVVDLTCRLEKPAKYDDIKKVVKQASEGSLKGILGYTEDQVVSCDFNSDTH
E7EUT5,unreviewed,E7EUT5_HUMAN,glyceraldehyde-3-phosphate dehydrogenase (phosphorylating) (EC 1.2.1.12) (Peptidyl-cysteine S-nitrosylase GAPDH),GAPDH,Homo sapiens (Human),260,MEEMRDPSKIKWGDAGAEYVVESTGVFTTMEKAGAHLQGGAKRVIISAPSADAPMFVMGVNHEKYDNSLKIISNASCTTNCLAPLAKVIHDNFGIVEGLMTTVHAITATQKTVDGPSGKLWRDGRGALQNIIPASTGAAKAVGKVIPELNGKLTGMAFRVPTANVSVVDLTCRLEKPAKYDDIKKVVKQASEGPLKGILGYTEHQVVSSDFNSDTHSSTFDAGAGIALNDHFVKLISWYDNEFGYSNRVVDLMAHMASKE
A0A4X2L1M1,unreviewed,A0A4X2L1M1_VOMUR,Glyceraldehyde-3-phosphate dehydrogenase (EC 1.2.1.12),GAPDH,Vombatus ursinus (Common wombat),290,MVKVGVNGFGRIGRLVTRAAFISGRVDIVAINDPFIDLNYMVYMFQYDSTHGKFKGTVKAENGKLVINGKAITIFQERDPANIKWGDAGAQYVVESTGVFTTMEKAGAHLKGGAKRVIISAPSADAPMFVMGVNHEKYDNSLKIVSNASCTTNCLAPLAKVIHDKFGIVEGLMTTVHAITATQKTVDGPSGKLWRDGRGASQNIIPASTGAAKAVGKVIPELNGKLTGMAFRVPTPNVSVVDLTCRLEKPAKYDDIKKVVKQASEGPLKGILGYTEDQVWKGKDSIRKVW
A0A0D9RIU6,unreviewed,A0A0D9RIU6_CHLSB,Glyceraldehyde-3-phosphate dehydrogenase (EC 1.2.1.12),,Chlorocebus sabaeus (Green monkey) (Simia sabaea),292,MGKVKYDSTHGKFHGTVKAENGKLVINGSPITIFQDRDPSKIKWGDAGAEYVVESTGVFTTTEKAGAHLQGGAKRVIISAPSADAPMFVMGVNHEKYDNSLKIVSKASCTTNCLAPLAKVIHDNFGIVEGLMTTVHAITATQKTVDGPSGKLWRDGRGALQNIIPASTGAAKAVGKVIPELNGKLTGMAFRVPTANVSVVDLTCRLEKPAKYDDIKKVVKQASEGPLKGILGYTEHQVVSSDFNSDTHSSTFDAGAGIALNDHFVKLISWYDNEFGYSNRVVDLMAHMASKE
A0A2J8JEW3,unreviewed,A0A2J8JEW3_PANTR,Glyceraldehyde-3-phosphate dehydrogenase (EC 1.2.1.12),GAPDH,Pan troglodytes (Chimpanzee),293,MVYMFQYDSTHGKFHGTVKAENGKLVINGNPITIFQERDPSKIKWGDAGAEYVVESTGVFTTMEKAGAHLQGGAKRVIISAPSADAPMFVMGVNHEKYDNSLKIISNASCTTNCLAPLAKVIHDNFGIVEGLMTTVHAITATQKTVDGPSGKLWRDGRGALQNIIPASTGAAKAVGKVIPELNGKLTGMAFRVPTANVSVVDLTCRLEKPAKYDDIKKVVKQASEGPLKGILGYTEHQVVSSDFNSDTHSSTFDAGAGIALNDHFVKLISWYDNEFGYSNRVVDLMAHMASKE
E9PTV9,unreviewed,E9PTV9_RAT,Glyceraldehyde-3-phosphate dehydrogenase (EC 1.2.1.12),Gapdh LOC134480667,Rattus norvegicus (Rat),309,KVDIVAINDPFIDLNYMVYMLQYDSTHGKFNGTVKAENGKLVINGKPITIFQERDPANIKWGDAGAEYVMESTGVFTTMEKAGAHLKGGAKRVIISTPSADAPMFVMGVNHEKYDNSLKIVSNASCTTNCLAPLAKVIHDNFGIVEGLMTTVHVITATQKTVDGPSGKLWRDGRGAAQNIIPASTGAVKAVGKVIPELNGKLTGMAFCVPTPNVSFVDLTCRLEKPAKYDDTKKVVKQAPESPLKGILGYTEDQVVSCNFNSNSHSSTFDAGAGVALNDNSVKLISWYDNEYGYSNRVVDLMAYMASKE
P51640,reviewed,G3P_MESAU,Glyceraldehyde-3-phosphate dehydrogenase (GAPDH) (EC 1.2.1.12) (Peptidyl-cysteine S-nitrosylase GAPDH) (EC 2.6.99.-),GAPDH G3PDH GAPD,Mesocricetus auratus (Golden hamster),312,RIGRLVTRAAFTSGKVDIVAINDPFIDLNYMVYMFQYDSTHGKFKGTVKAENGKLVINGKAITIFQERDPTNIKWGDAGAEYVVESTGVFTTMEKAGAHLKGGAKRVIISAPSADAPMFVMGVNHDKYDNSLKIVSNASCTTTCLAPLAKVIHDNFGIVKGLMTTVHAITATQKTVDGPSGKLWRDGRGAAQNIIPASTGAAKAVGKVIPELNGKLTGMAFRVPTPNVSVVDLTCRLEKAAKYEDIKKVVKQASEGPLKGILGYTEDQVVSCDFKSDSHSSTFDAGAGIALNDNFVKLISWYDNEFGYSNRV
Q28554,reviewed,G3P_SHEEP,Glyceraldehyde-3-phosphate dehydrogenase (GAPDH) (EC 1.2.1.12) (Peptidyl-cysteine S-nitrosylase GAPDH) (EC 2.6.99.-),GAPDH G3PDH GAPD,Ovis aries (Sheep),322,IGRLVTRAAFNTGKVDIVAINDPFIDLHYMVYMFQYDSTHGKFHGTVKAENGKLVINGKAITIFQERDPANIKWGDAGAEYVVESTGVFTTMEKAGAHLKGGAKKVIISAPSADAPMFVMGVNHEKYNNTLKIVSNASCTTNCLAPLAKVIHDHFGIVEGLMTTVHAITATQKTVDGPSGKLWRDGRGAAQNIIPASTGAAKAVGKVIPELNGKLTGMAFRVPTPNVSVVDLTCRLEKPAKYDEIKKVVKQASEGPLKGILGYTEDQVVSCDFNSDTHSSTFDAGAGIALNDHFVKLISWYDNEFGYSNRVVDLMVHMASKE
A0A8C9JL25,unreviewed,A0A8C9JL25_PANTA,Glyceraldehyde-3-phosphate dehydrogenase (EC 1.2.1.12),GAPDH,Panthera tigris altaica (Siberian tiger),329,IKHGFGRIGRLVTRAAFNSGKVDIVAINDPFIDLNYMVYMFQYDSTHGKFHGTVKAENGKLVINGKPITIFQERDPANIKWGDAGAEYVVESTGVFTTMEKAGAHLKGGAKRVIISAPSADAPMFVMGVNHEKYDNSLKIVSNASCTTNCLAPLAKVIHDHFGIVEGLMTTVHAITATQKTVDGPSGKMWRDGRGAAQNIIPASTGAAKAVGKVIPELNGKLTGMAFRVPTPNVSVVDLTCRLEKAAKYDDIKKVVKQASEGPLKGILGYTEDQVVSCDFNSDTHSSTFDAGAGIALNDHFVKLISWYDNEFGYSNRVVDLMVHMASKE
A0A8C9CXB9,unreviewed,A0A8C9CXB9_PANLE,Glyceraldehyde-3-phosphate dehydrogenase (EC 1.2.1.12),GAPDH,Panthera leo (Lion),330,HSNLGFGRIGRLVTRAAFKSGKVDIVAINDPFIDLNYMVYMFQYDSTHGKFHGTVKAENGKLVINGKPITIFQERDPANIKWGDAGAEYVVESTGVFTTMEKAGAHLKGGAKRVIISAPSADAPMFVMGVNHEKYDNSLKIVSNASCTTNCLAPLAKVIHDHFGIVEGLMTTVHAITATQKTVDGPSGKMWRDGRGAAQNIIPASTGAAKAVGKVIPELNGKLTGMAFRVPTPNVSVVDLTCRLEKAAKYDDIKKVVKQASEGPLKGILGYTEDQVVSCDFNSDTHSSTFDAGAGIALNDHFVKLISWYDNEFGYSNRVVDLMVHMASKE
A0A3Q1M8J9,unreviewed,A0A3Q1M8J9_BOVIN,Glyceraldehyde-3-phosphate dehydrogenase (EC 1.2.1.12),GAPDH,Bos taurus (Bovine),330,PPKLGFGRIGRLVTRAAFNSGKVDIVAINDPFIDLHYMVYMFQYDSTHGKFNGTVKAENGKLVINGKAITIFQERDPANIKWGDAGAEYVVESTGVFTTMEKAGAHLKGGAKRVIISAPSADAPMFVMGVNHEKYNNTLKIVSNASCTTNCLAPLAKVIHDHFGIVEGLMTTVHAITATQKTVDGPSGKLWRDGRGAAQNIIPASTGAAKAVGKVIPELNGKLTGMAFRVPTPNVSVVDLTCRLEKPAKYDEIKKVVKQASEGPLKGILGYTEDQVVSCDFNSDTHSSTFDAGAGIALNDHFVKLISWYDNEFGYSNRVVDLMVHMASKE
A0A8L2QM97,unreviewed,A0A8L2QM97_RAT,Glyceraldehyde-3-phosphate dehydrogenase (EC 1.2.1.12),Gapdh Gapdhl3 LOC134480898 Mir100hgl,Rattus norvegicus (Rat),331,MVKVGVNGFGRIGRLVTRAAFSCDKVDIVAINDPFIDLNYMVYMFQYDSTHGKFNGTVKAENGKLVINGKPITIFQERDPANIKWGDAGAEYVVESTGVFTTMEKAGAHLKGGAKRVIISAPSADAPMFVMGVNHEKYDNSLKIVSNASCTTNCLAPLAKVIHDNFGIVEGLMTTVHAITATQKTVDGPSGKLWRDGRGAAQNIIPASTGAAKAVGKVIPELNGKLTGMAFRVPTPNVSVVDLTCRLEKPYDDIKKVVKQAAEGPLKGILGYTEDQVVSCDFNSNSHSSTFDAGAGIALNDNFVKLISWYDNEYGYSNRVVDLMAYMASKE
A0A2R9AAL9,unreviewed,A0A2R9AAL9_PANPA,Glyceraldehyde-3-phosphate dehydrogenase (EC 1.2.1.12),,Pan paniscus (Pygmy chimpanzee) (Bonobo),332,MGKVKVGVNRFGRTGRLVTRAAFNSGKVDIVAINDPFIDLNYMVYMFQYDSAHSKFHGTVKAENGKLVINGNPITIFQERDPSKIKWGDAGPEYVVESTGKAGAHLQGGAKRVIISAPSADAPMFVMGVSHEKYDNNLKIVGNASCTTNCLAPLAKVIHDNFGIVEGLMTTVHAITATQKTVDGPSGKLWRDGHGALQNIIPASTGAAKAMGKVIPELNGKLTGMAFCVPTAVSVVDLTCRLEKPAKYDDTKKVVKQASEGPLKGILGYTEHQVVSSDFNSDTHSSTFNAGAVIALNNHFFKLISWYDNEFGYSNRVVDLMAHMASKEMQNR
A0A0P6IYQ0,unreviewed,A0A0P6IYQ0_HETGA,Glyceraldehyde-3-phosphate dehydrogenase (EC 1.2.1.12),GAPDH Gapdh,Heterocephalus glaber (Naked mole rat),333,MVKVGVNGFGRIGRLVTRAAFNSGKVDIVAINDPFIDLNYMVYMFQYDSTHGKFQGTVKAENGKLVINGKAISIFQERDPANIKWGDAGAEYVVESTGVFTTMEKAGAHLKGGAKRVIISAPSADAPMFVMGVNHEKYDNSLKIVSNASCTTNCLAPLAKVIHDNFGIVEGLMTTVHAITATQKTVDGPSGKLWRDGRGAAQNIIPASTGAAKAVGKVIPELNGKLTGMAFRVPTPNVSVVDLTCRLEKAAKYDDIKKVVKQASEGPLKGILGYTEDQVVSCDFNSNTHSSTFDAGAGIALNDHFVKLISWYDNEFGYSNRVVDLMVHMASKE
A0A1D5RLD8,unreviewed,A0A1D5RLD8_MOUSE,Glyceraldehyde-3-phosphate dehydrogenase (EC 1.2.1.12),Gapdhrt2 Gm10358,Mus musculus (Mouse),333,MVKVGVNGFGRIGRLVTRAATCSGKVEIVAINDPFIDLNYMVYMFQYDSTHGKFNGTVKAENGKLVINGKPITIFQERDPTNIKWGEAGAEYVVESTGVFTTMEKAGAHLKGGAKRVIISAPSADAPMFVMGVNHEKYDNSLKIVSNASCTTNCLAPLAKVIHDNFGIVEGLMTTVHAITATQKTVDGPSGKLWRDGRGAAQNIIPASTGAAKAVGKVIPELNGKLTGMAFRVPTPNVSIVDLTCRLEKPAKYDDIKKVVKQASEGPLKGILGYTEDQVVSCDFNSNSHSSTFDAGAGIALNDNFVKLISWYDNEYGYSNRVVDLMAYMASKE
A0A481CCJ1,unreviewed,A0A481CCJ1_PIG,Glyceraldehyde-3-phosphate dehydrogenase (EC 1.2.1.12),,Sus scrofa (Pig),333,MVKVGVNGFGRIGRLVTRAAFNSGKVDIVAINDPFIDLHYMVYMFQYDSTHGKFHGTVKAENGKLVINGKAITIFQERDPANIKWGDAGATYVVESTGVFTTMEKAGAHLKGGAKRVIISAPSADAPMFVMGVNHEKYDNSLKIVSNASCTTNCLAPLAKVIHDHFGIVEGLMTTVHAITATQKTVDGPSGKLWRDGRGAAQNIIPASTGAAKAVGKVIPELNGKLTGMAFRVPTPNVSVVDLTCRLEKPAKYDDIKKVVKQASEGPLKGILGYTEDQVVSCDFNSDTHSSTFDAGAGIALNDHFVKLISWYDNEFGYSNRVVDLMVHMASKE
A0A4W2GEV4,unreviewed,A0A4W2GEV4_BOBOX,Glyceraldehyde-3-phosphate dehydrogenase (EC 1.2.1.12),GAPDH,Bos indicus x Bos taurus (Hybrid cattle),333,MVKVGVNGFGRIGRLVTRAAFNSGKVDIVAINDPFIDLHYMVYMFQYDSTHGKFNGTVKAENGKLVINGKAITIFQERDPANIKWGDAGAEYVVESTGVFTTMEKAGAHLKGGAKRVIISAPSADAPMFVMGVNHEKYNNTLKIVSNASCTTNCLAPLAKVIHDHFGIVEGLMTTVHAITATQKTVDGPSGKLWRDGRGAAQNIIPASTGAAKAVGKVIPELNGKLTGMAFRVPTPNVSVVDLTCRLEKPAKYDEIKKVVKQASEGPLKGILGYTEDQVVSCDFNSDTHSSTFDAGAGIALNDHFVKLISWYDNEFGYSNRVVDLMVHMASKE
A0A6P9FRF8,unreviewed,A0A6P9FRF8_SHEEP,Glyceraldehyde-3-phosphate dehydrogenase (EC 1.2.1.12),JEQ12_015033,Ovis aries (Sheep),333,MVKVGVNGFGRIGRLVTRAAFNTGKVDIVAINDPFIDLHYMVYMFQYDSTHGKFHGTVKAENGKLVINGKAITIFQERDPANIKWGDAGAEYVVESTGVFTTMEKAGAHLKGGAKRVIISAPSADAPMFVMGVNHEKYNNTLKIVSNASCTTNCLAPLAKVIHDHFGIVEGLMTTVHAITATQKTVDGPSGKLWRDGRGAAQNIIPASTGAAKAVGKVIPELNGKLTGMAFRVPTPNVSVVDLTCRLEKPAKYDEIKKVVKQASEGPLKGILGYTEDQVVSCDFNSDTHSSTFDAGAGIALNDHFVKLISWYDNEFGYSNRVVDLMVHMASKE
A0A8C2VT31,unreviewed,A0A8C2VT31_CHILA,Glyceraldehyde-3-phosphate dehydrogenase (EC 1.2.1.12),GAPDH,Chinchilla lanigera (Long-tailed chinchilla) (Chinchilla villidera),333,MVKVGVNGFGRIGRLVTRAAFNSGKVDVVAINDPFIDLNYMVYMFQYDSTHGKFHGTVKAEHGKLVINGKAITIFQERDPANIKWGDAGAEYVVESTGVFTTMEKAGAHLKGGAKRVIISAPSADAPMFVMGVNHEKYDNSLKIVSNASCTTNCLAPLAKVIHDNFGIVEGLMTTVHAITATQKTVDGPSGKLWRDGRGAAQNIIPASTGAAKAVGKVIPELNGKLTGMAFRVPTPNVSVVDLTCRLEKAAKYDDIKKVVKQASEGPLKGILGYTEDQVVSCDFNSDTHSSTFDAGAGIALNDHFVKLISWYDNEFGYSNRVVDLMVHMASKE
A0A8C3X946,unreviewed,A0A8C3X946_9CETA,Glyceraldehyde-3-phosphate dehydrogenase (EC 1.2.1.12),GAPDH,Catagonus wagneri (Chacoan peccary),333,MVKVGVNGFGRIGRLVTRAAFNSGKVDIVAINDPFIDLHYMVYMFQYDSTHGKFHGTVKAEHGKLVINGKAITIFQERDPANIKWGDAGAEYVVESTGVFTTTEKAGAHLKGGAKRVIISAPSADAPMFVMGVNHEKYDNSLKIVSNASCTTNCLAPLAKVIHDHFGIVEGLMTTVHAITATQKTVDGPSGKLWRDGRGAAQNIIPASTGAAKAVGKVIPELNGKLTGMAFRVPTPNVSVVDLTCRLEKPAKYDDIKKVVKQASDGPLKGILGYTEDQVVSCDFNSDTHSSTFDAGAGIALNDHFVKLISWYDNEFGYSNRVVDLMVHMASKE
A0A8C5KRS6,unreviewed,A0A8C5KRS6_JACJA,Glyceraldehyde-3-phosphate dehydrogenase (EC 1.2.1.12),LOC123454227,Jaculus jaculus (Lesser Egyptian jerboa),333,MVKVGVNGFGRIGRLVTRAAFNSGKVEIVAINDPFIDLNYMVYMFQYDSTHGKFNGTVKAENGKLVINGKPISIFQERDPANIKWGDAGAQYVVESTGVFTTMEKAGAHLKGGAKRVIISAPSADAPMFVMGVNHEKYDNSLKIVSNASCTTNCLAPLAKVIHDNFGIVEGLMTTVHAITATQKTVDGPSGKLWRDGRGAAQNIIPASTGAAKAVGKVIPELNGKLTGMAFRVPTPNVSVVDLTCRLEKAAKYDDIKKVVKQASEGPLKGILGYTEDQVVSCDFNSDTHSSTFDAGAGIALNDHFVKLISWYDNEFGYSNRVVDLMVHMASKE
A3FKF7,reviewed,G3P_MUSPF,Glyceraldehyde-3-phosphate dehydrogenase (GAPDH) (EC 1.2.1.12) (Peptidyl-cysteine S-nitrosylase GAPDH) (EC 2.6.99.-),GAPDH,Mustela putorius furo (European domestic ferret) (Mustela furo),333,MVKVGVNGFGRIGRLVTRAAFNSGKVDIVAINDPFIDLNYMVYMFQYDSTHGKFHGTVKAENGKLVINGKSISIFQERDPANIKWGDAGAEYVVESTGVFTTMEKAGAHLKGGAKRVIISAPSADAPMFVMGVNHEKYDNSLKIVSNASCTTNCLAPLAKVIHDNFGIVEGLMTTVHAITATQKTVDGPSGKLWRDGRGAAQNIIPASTGAAKAVGKVIPELNGKLTGMAFRVPTPNVSVVDLTCRLEKAAKYDDIKKVVKQASEGPLKGILGYTEDQVVSCDFNSDTHSSTFDAGAGIALNDHFVKLISWYDNEFGYSNRVVDLMVYMASKE
D7R7V6,unreviewed,D7R7V6_SHEEP,Glyceraldehyde-3-phosphate dehydrogenase (EC 1.2.1.12),GAPDH,Ovis aries (Sheep),333,MVKVGVNGFGRIGRLVTRAAFNTGKVDIVAINDPFIDLHYMVYMFQYDSTHGKFHGTVKAENGKLVINGKAITIFQERDPANIKWGDAGAEYVVESTGVFTTMEKAGAHLKGGAKRVIISAPSADAPMFVMGVNHEKYNNTLKIVSNASCTTNCLAPLAKVIHDHFGIVEGLMTTVHAITATQKTVDGPSGKLWRDGRGAAQNIIPASTGAAKAVGKVIPELNGKLTGMAFRVPTPNVSVVDLTCRLEKPAKYDEIKKVVKQASEGPLKGILGYTEDQVVSCDFNSDTHSSTFDAGAGIALNDHFVKLISWYDNEFGYSNRVVDLMVHMASKE
F7FWH2,unreviewed,F7FWH2_ORNAN,Glyceraldehyde-3-phosphate dehydrogenase (EC 1.2.1.12),GAPDH,Ornithorhynchus anatinus (Duckbill platypus),333,MVKVGVNGFGRIGRLVTRAAFNSGKVEIVAINDPFIDLNYMVYMFQYDSTHGKFHGTVKAENGKLVVNGKPITIFQERDPTNIKWGEAGAEYVVESTGVFTTLEKAGAHLKGGAKRVIISAPSADAPMFVMGVNHEKYDNSLKIVSNASCTTNCLAPLAKVINDNFGIVEGLMTTVHAITATQKTVDGPSGKLWRDGRGAAQNIIPASTGAAKAVGKVIPELNGKLTGMAFRVPTPNVSVVDLTCRLEKPAKYDDIKKVVKQASEGPLKGILGYTEDQVVSCDFNSDTHSSTFDAGAGIALNDHFVKLISWYDNEFGYSNRVVDLMVHMASKE
P00355,reviewed,G3P_PIG,Glyceraldehyde-3-phosphate dehydrogenase (GAPDH) (EC 1.2.1.12) (Peptidyl-cysteine S-nitrosylase GAPDH) (EC 2.6.99.-),GAPDH GAPD,Sus scrofa (Pig),333,MVKVGVNGFGRIGRLVTRAAFNSGKVDIVAINDPFIDLHYMVYMFQYDSTHGKFHGTVKAENGKLVINGKAITIFQERDPANIKWGDAGATYVVESTGVFTTMEKAGAHLKGGAKRVIISAPSADAPMFVMGVNHEKYDNSLKIVSNASCTTNCLAPLAKVIHDHFGIVEGLMTTVHAITATQKTVDGPSGKLWRDGRGAAQNIIPASTGAAKAVGKVIPELNGKLTGMAFRVPTPNVSVVDLTCRLEKPAKYDDIKKVVKQASEGPLKGILGYTEDQVVSCDFNSDTHSSTFDAGAGIALNDHFVKLISWYDNEFGYSNRVVDLMVHMASKE
P04797,reviewed,G3P_RAT,Glyceraldehyde-3-phosphate dehydrogenase (GAPDH) (EC 1.2.1.12) (38 kDa BFA-dependent ADP-ribosylation substrate) (BARS-38) (Peptidyl-cysteine S-nitrosylase GAPDH) (EC 2.6.99.-),Gapdh Gapd,Rattus norvegicus (Rat),333,MVKVGVNGFGRIGRLVTRAAFSCDKVDIVAINDPFIDLNYMVYMFQYDSTHGKFNGTVKAENGKLVINGKPITIFQERDPANIKWGDAGAEYVVESTGVFTTMEKAGAHLKGGAKRVIISAPSADAPMFVMGVNHEKYDNSLKIVSNASCTTNCLAPLAKVIHDNFGIVEGLMTTVHAITATQKTVDGPSGKLWRDGRGAAQNIIPASTGAAKAVGKVIPELNGKLTGMAFRVPTPNVSVVDLTCRLEKPAKYDDIKKVVKQAAEGPLKGILGYTEDQVVSCDFNSNSHSSTFDAGAGIALNDNFVKLISWYDNEYGYSNRVVDLMAYMASKE
P10096,reviewed,G3P_BOVIN,Glyceraldehyde-3-phosphate dehydrogenase (GAPDH) (EC 1.2.1.12) (Peptidyl-cysteine S-nitrosylase GAPDH) (EC 2.6.99.-),GAPDH GAPD,Bos taurus (Bovine),333,MVKVGVNGFGRIGRLVTRAAFNSGKVDIVAINDPFIDLHYMVYMFQYDSTHGKFNGTVKAENGKLVINGKAITIFQERDPANIKWGDAGAEYVVESTGVFTTMEKAGAHLKGGAKRVIISAPSADAPMFVMGVNHEKYNNTLKIVSNASCTTNCLAPLAKVIHDHFGIVEGLMTTVHAITATQKTVDGPSGKLWRDGRGAAQNIIPASTGAAKAVGKVIPELNGKLTGMAFRVPTPNVSVVDLTCRLEKPAKYDEIKKVVKQASEGPLKGILGYTEDQVVSCDFNSDTHSSTFDAGAGIALNDHFVKLISWYDNEFGYSNRVVDLMVHMASKE
P16858,reviewed,G3P_MOUSE,Glyceraldehyde-3-phosphate dehydrogenase (GAPDH) (EC 1.2.1.12) (Peptidyl-cysteine S-nitrosylase GAPDH) (EC 2.6.99.-),Gapdh Gapd,Mus musculus (Mouse),333,MVKVGVNGFGRIGRLVTRAAICSGKVEIVAINDPFIDLNYMVYMFQYDSTHGKFNGTVKAENGKLVINGKPITIFQERDPTNIKWGEAGAEYVVESTGVFTTMEKAGAHLKGGAKRVIISAPSADAPMFVMGVNHEKYDNSLKIVSNASCTTNCLAPLAKVIHDNFGIVEGLMTTVHAITATQKTVDGPSGKLWRDGRGAAQNIIPASTGAAKAVGKVIPELNGKLTGMAFRVPTPNVSVVDLTCRLEKPAKYDDIKKVVKQASEGPLKGILGYTEDQVVSCDFNSNSHSSTFDAGAGIALNDNFVKLISWYDNEYGYSNRVVDLMAYMASKE
P17244,reviewed,G3P_CRIGR,Glyceraldehyde-3-phosphate dehydrogenase (GAPDH) (EC 1.2.1.12) (Peptidyl-cysteine S-nitrosylase GAPDH) (EC 2.6.99.-),GAPDH GAPD,Cricetulus griseus (Chinese hamster) (Cricetulus barabensis griseus),333,MVKVGVNGFGRIGRLVTRAAFTSGKVEVVAINDPFIDLNYMVYMFQYDSTHGKFKGTVKAENGKLVINGKAITIFQERDPANIKWGDAGAEYVVESTGVFTTMEKAGAHLKGGAKRVIISAPSADAPMFVMGVNQDKYDNSLKIVSNASCTTNCLAPLAKVIHDNFGIVEGLMTTVHAITATQKTVDGPSGKLWRDGRGAAQNIIPASTGAAKAVGKVIPELNGKLTGMAFRVPTPNVSVVDLTCRLEKPAKYEDIKKVVKQASEGPLKGILGYTEDQVVSCDFNSDSHSSTFDAGAGIALNDNFVKLISWYDNEFGYSNRVVDLMAYMASKE
P46406,reviewed,G3P_RABIT,Glyceraldehyde-3-phosphate dehydrogenase (GAPDH) (EC 1.2.1.12) (Peptidyl-cysteine S-nitrosylase GAPDH) (EC 2.6.99.-),GAPDH GAPD,Oryctolagus cuniculus (Rabbit),333,MVKVGVNGFGRIGRLVTRAAFNSGKVDVVAINDPFIDLHYMVYMFQYDSTHGKFHGTVKAENGKLVINGKAITIFQERDPANIKWGDAGAEYVVESTGVFTTMEKAGAHLKGGAKRVIISAPSADAPMFVMGVNHEKYDNSLKIVSNASCTTNCLAPLAKVIHDHFGIVEGLMTTVHAITATQKTVDGPSGKLWRDGRGAAQNIIPASTGAAKAVGKVIPELNGKLTGMAFRVPTPNVSVVDLTCRLEKAAKYDDIKKVVKQASEGPLKGILGYTEDQVVSCDFNSATHSSTFDAGAGIALNDHFVKLISWYDNEFGYSNRVVDLMVHMASKE
Q28259,reviewed,G3P_CANLF,Glyceraldehyde-3-phosphate dehydrogenase (GAPDH) (EC 1.2.1.12) (Peptidyl-cysteine S-nitrosylase GAPDH) (EC 2.6.99.-),GAPDH GAPD,Canis lupus familiaris (Dog) (Canis familiaris),333,MVKVGVNGFGRIGRLVTRAAFNSGKVDIVAINDPFIDLNYMVYMFQYDSTHGKFHGTVKAENGKLVINGKSISIFQERDPANIKWGDAGAEYVVESTGVFTTMEKAGAHLKGGAKRVIISAPSADAPMFVMGVNHEKYDNSLKIVSNASCTTNCLAPLAKVIHDHFGIVEGLMTTVHAITATQKTVDGPSGKMWRDGRGAAQNIIPASTGAAKAVGKVIPELNGKLTGMAFRVPTPNVSVVDLTCRLEKAAKYDDIKKVVKQASEGPLKGILGYTEDQVVSCDFNSDTHSSTFDAGAGIALNDHFVKLISWYDNEFGYSNRVVDLMVYMASKE
Q4KYY3,reviewed,G3P_SPECI,Glyceraldehyde-3-phosphate dehydrogenase (GAPDH) (EC 1.2.1.12) (Peptidyl-cysteine S-nitrosylase GAPDH) (EC 2.6.99.-),GAPDH GAPD,Spermophilus citellus (European ground squirrel) (Citellus citellus),333,MVKVGVNGFGRIGRLVTRAAFNSGKVDIVAINDPFIDLNYMVYMFQYDSTHGKFHGTVKAENGKLVINGKSISIFQERDPANIKWGDAGAEYVVESTGVFTTMEKAGAHLKGGAKRVIISAPSADAPMFVMGVNHEKYDNSLKIVSNASCTTNCLAPLAKVIHDNFGIVEGLMTTVHAITATQKTVDGPSGKLWRDGRGAAQNIIPASTGAAKAVGKVIPELNGKLTGMAFRVPTPNVSVVDLTCRLEKAAKYDDIKKVVKQASEGPLKGILGYTEDQVVSCDFNSDTHSSTFDAGAGIALNDHFVKLISWYDNEFGYSNRVVDLMVHMASKE
Q9N2D5,reviewed,G3P_FELCA,Glyceraldehyde-3-phosphate dehydrogenase (GAPDH) (EC 1.2.1.12) (Peptidyl-cysteine S-nitrosylase GAPDH) (EC 2.6.99.-),GAPDH GAPD,Felis catus (Cat) (Felis silvestris catus),333,MVKVGVNGFGRIGRLVTRAAFNSGKVDIVAINDPFIDLNYMVYMFQYDSTHGKFHGTVKAENGKLVINGKPITIFQERDPANIKWGDAGAEYVVESTGVFTTMEKAGAHLKGGAKRVIISAPSADAPMFVMGVNHEKYDNSLKIVSNASCTTNCLAPLAKVIHDHFGIVEGLMTTVHAITATQKTVDGPSGKLWRDGRGAAQNIIPASTGAAKAVGKVIPELNGKLTGMAFRVPTPNVSVVDLTCRLEKAAKYDDIKKVVKQASEGPLKGILGYTEDQVVSCDFNSDTHSSTFDAGAGIALNDHFVKLISWYDNEFGYSNRVVDLMAHMASKE
S4R1W1,unreviewed,S4R1W1_MOUSE,Glyceraldehyde-3-phosphate dehydrogenase (EC 1.2.1.12),Gapdhrt Gm3839,Mus musculus (Mouse),333,MVKVGVNGFGRIGRLVTRAAICSGKVEIVAINDPFIDLNYMVYMFQYDSTHGKFNGTVKAENGKLVINGKPITIFQERDPTNIKWGEAGAEYVVESTGVFTTMEKAGAHLKGGAKRVIISAPSADAPMFVMGVNHEKYDNSLKIVSNASCTTNCLSPLAKVIHDNFGIVEGLMTTVHAITATQKTVDGPSGKLWRDGRGAAQNIIPASTGAAKAVGKVIPELNGKLTGMAFRVPTPNVSVVDLTCRLENPAKYDDIKKVVKQASEGPLKGILGYTEDQVVSCDFNSNSHSSTFDAGAGIALNDNFVKLISWYDNEYGYSNRVVDLMAYMASKE
A0A0G2K7M1,unreviewed,A0A0G2K7M1_RAT,Glyceraldehyde-3-phosphate dehydrogenase (EC 1.2.1.12),LOC134480898,Rattus norvegicus (Rat),333,MVKVGVNGFGHIGRLVTRAAFSSGKVEIVAINDPFIDLNYIVYMFQYGSTHGKFNGTVKAENGKLVIKGKPITIFQERDPANIKWGDAGAEYVVESTGVFTTMEKAGAHLKGGAKRVIISAPSVDAPMFVMGVNHEKYDNSLKIVSNASCTTNCLAPLAKVIHDNFGIVEGLMTTVLAITATQKAMDGPSGKLWCDGRGATQNIIPASNGAAKAVGKVIPELNGNLTGTAFCVPTPNVSVVDLTCRLEKPAKYDDIKKVVKQASEGPLKGILGYTEDQVVSCDFNSNSYSSTFDAGASIALNDNFVKFISWYDNEYGYSNRVVDLMAYMASKE
A0A0G2K8S2,unreviewed,A0A0G2K8S2_RAT,Glyceraldehyde-3-phosphate dehydrogenase (EC 1.2.1.12),Gapdhl10 RGD1564958,Rattus norvegicus (Rat),333,MVKVGVNGFGRIGHLVTRAAFSCDKVDIVAINDPFIDLNYMVYMFQYDSTHGKFNGTVKAENGKLVINGKPITIFQERDPANIKWGDAGAEYVVESTGVFTTMEKAGAHLKGGAKRVIISAPSADAPMFVMGVNHEKYDNSLKIVSNASCTTNCLAPLGKVIHDNFGIVEGLMTTVHAITATQKTVDGPSGKLWRDGRGAAQNIIPASTGAAKAVGKVIPELNGKLTGMAFRVPTPNVSVVDLTCRLEKPAKYDDIKKVVKQVAEGPLKGILGYTEDQVVSCDFNSNSHSSTFDAGAGIALNDNFVKLISWYDNEYGYSNRVVDLMAYMASKE
A0A286ZQE4,unreviewed,A0A286ZQE4_PIG,Glyceraldehyde-3-phosphate dehydrogenase (EC 1.2.1.12),GAPDH,Sus scrofa (Pig),333,HPKLGFGRIGRLVTRAAFNSGKVDIVAINDPFIDLHYMVYMFQYDSTHGKFHGTVKAENGKLVINGKAITIFQERDPANIKWGDAGATYVVESTGVFTTMEKAGAHLKGGAKRVIISAPSADAPMFVMGVNHEKYDNSLKIVSNASCTTNCLAPLAKVIHDHFGIVEGLMTTVHAITATQKTVDGPSGKLWRDGRGAAQNIIPASTGAAKAVGKVIPELNGKLTGMAFRVPTPNVSVVDLTCRLEKPAKYDDIKKVVKQASEGPLKGILGYTEDQVVSCDFNSDTHSSTFDAGAGIALNDHFNVIKSGAPWYDNEFGYSNRVVDLMVHMASKE
A0A287D887,unreviewed,A0A287D887_ICTTR,Glyceraldehyde-3-phosphate dehydrogenase (EC 1.2.1.12),Gapdh,Ictidomys tridecemlineatus (Thirteen-lined ground squirrel) (Spermophilus tridecemlineatus),333,MVKVGVNGFGRIGRLVTRAAFNSGKVEIVAINDPFIDLNYMVYMFQYDSTHGKFHGTVKAENGKLVINGKSISIFQERDPANIKWGDAGAEYVVESTGVFTTMEKAGAHLKGGAKRVIISAPSADAPMFVMGVNHEKYDNSLKIVSNASCTTNCLAPLAKVIHDNFGIVEGLMTTVHAITATQKTVDGPSGKLWRDGRGAAQNIIPASTGAAKAVGKVIPELNGKLTGMAFRVPTPNVSVVDLTCRLEKAAKYDDIKKVVKQASEGPLKGILGYTEDQVVSCDFNSDTHSSTFDAGAGIALNDHFVKLISWYDNEFGYSNRVVDLMVHMASKE
A0A2Y9EK94,unreviewed,A0A2Y9EK94_PHYMC,Glyceraldehyde-3-phosphate dehydrogenase (EC 1.2.1.12),GAPDH,Physeter macrocephalus (Sperm whale) (Physeter catodon),333,MVKVGVNGFGRIGRLVTRAAFNSGKVDIVAINDPFIDLHYMVYMFQYDSTHGKFHGTVKAENGKLVINGKAITIFQERDPANIKWGDAGAEYVVESTGVFTTMEKAGAHLKGGAKRVIISAPSADAPMFVMGVNHEKYDNHLKIVSNASCTTNCLAPLAKVIHDHFGIVEGLMTTVHAITATQKTVDGPSGKLWRDGRGAAQNIIPASTGAAKAVGKVIPELNGKLTGMAFRVPIPNVSVVDLTCRLEKPAKYEDIKKVVKQAADGPLKGILGYTEDQVVSCDFNSDTHSSTFDAGAGIALNDHFVKLISWYDNEFGYSNRVVDLMVHMASKE
A0A2Y9KEL7,unreviewed,A0A2Y9KEL7_ENHLU,Glyceraldehyde-3-phosphate dehydrogenase (EC 1.2.1.12),LOC111153258,Enhydra lutris kenyoni (northern sea otter),333,MVKVGVNGFGRIGRLVTRAAFNSGKVDIVAINDPFIDLNYMVYMFQYDSTHGKFHGTVKSENGKLVINGKSISIFQERDPANIKWGDAGAEYVVESTGVYTTMKKAGAHLKGGAKRVIISTPSADAPMFVMGVNHEKYDNSLKIVSNASCTTNCLAPLAKVIHDNFGIVEGLMTTVHAITATQKTVDGPSGKLWHNGRGAAQNIIPASTGAAKAIGKVIPELNGKLTGMAFRLSTPKVSVVDLTCHLEKAAKYDDIKKVVKQASEGPPKGILGYTEDQVVSCDFNSDTHSSTLDAGAGITLNDHFVKLISWYDNEFGYSNRVVDLMVYMASKE
A0A2Y9NUD9,unreviewed,A0A2Y9NUD9_DELLE,Glyceraldehyde-3-phosphate dehydrogenase (EC 1.2.1.12),GAPDH,Delphinapterus leucas (Beluga whale),333,MVKVGVNGFGRIGRLVTRAAFNSGKVDIVAINDPFIDLHYMVYMFQYDSTHGKFHGTVKAENGKLVINGKAITIFQERDPANIKWGDAGAEYVVESTGVFTTMEKAGAHLKGGAKRVIISAPSADAPMFVMGVNHEKYDNHLKIVSNASCTTNCLAPLAKVIHDHFGIVEGLMTTVHAITATQKTVDGPSGKLWRDGRGAAQNIIPASTGAAKAVGKVIPELNGKLTGMAFRVPTPNVSVVDLTCRLEKPAKYEDIKKVVKQASDGPLKGILGYTEDQVVSCDFNSDTHSSTFDAGAGIALNDHFVKLISWYDNEFGYSNRVVDLMVHMASKE
A0A344MNR3,unreviewed,A0A344MNR3_SYNCA,Glyceraldehyde-3-phosphate dehydrogenase (EC 1.2.1.12),GAPDH,Syncerus caffer (African buffalo),333,MVKVGVNGFGRIGRLVTRAAFNSGKVDIVAINDPFIDLHYMVYMFQYDSTHGKFHGTVKAENGKLVINGKAITIFQERDPANIKWGDAGAEYVVESTGVFTTMEKAGAHLKGGAKRVIISAPSADAPMFVMGVNHEKYNNTLKIVSNASCTTNCLAPLAKVIHDHFGIVEGLMTTVHAITATQKTVDGPSGKLWRDGRGAAQNIIPASTGAAKAVGKVIPELNGKLTGMAFRVPTPNVSVVDLTCRLEKPAKYDEIKKVVKQASEGPLKGILGYTEDQVVSCDFNSDTHSSTFDAGAGIALNDHFVKLISWYDNEFGYSNRVVDLMVHMASKE
A0A3Q7NIX5,unreviewed,A0A3Q7NIX5_CALUR,Glyceraldehyde-3-phosphate dehydrogenase (EC 1.2.1.12),LOC112818248,Callorhinus ursinus (Northern fur seal),333,MVKVGVNGFGRIGRLVTRAAFNSGKVDIVAINDPFIDLNYMVYMFQYDSTHGKFHSTVKAENGKLVINGKSISIFQERDPANIKWGDAGAEFVVESTGVFTTMEKAGAHLKGGAKRVIISAPSADAPMFVMGVNHEKYDNSLKIVSNASCTTNCLAPLAKVIHDNFGIVEGLMTTVHAITATQKTVDGPSGKLWRDGRGAAQNIIPASTGAAKAVGKVIPELNGKLTGMAFRVPTPNVSVVDLTCRLEKAAKYDDIKKVVKQASEGPLKGILGYTEDQVVSCDFNSDTHSSTFDAGAGIALNDHFVKLISWYDNEFGYSNWVVDLMVHMASKE
A0A452DYR9,unreviewed,A0A452DYR9_CAPHI,Glyceraldehyde-3-phosphate dehydrogenase (EC 1.2.1.12),LOC102176799,Capra hircus (Goat),333,MVKVGVNGFGRIGRLVTRAAFNAGKVDIVAINDPFIDLHYMVYMFQYDSTHGKFHGTVKAENGKLVINGKAITIFQERDPANIKWGDAGAEYVVESTGVFTTMEKAGAHLKGGAKRVIISAPSADAPMFVMGVNHEKYNNTLKIVSNASCTTNCLAPLAKVIHDHFGIVEGLMTTVHAITATQKTVDGPSGKLWRDGRGAAQNIIPASTGAAKAVGKVIPELNGKLTGMAFRVPTPNVSIVDLTCCLEKPAKYDEMKKVVKQASEGPLKGILGYTEDQVVSCDFNSDTHSSTFDAGAGIALNDHFVKLISWYDNEFGYSNRVVDLMVHMASKE
A0A452FNW6,unreviewed,A0A452FNW6_CAPHI,Glyceraldehyde-3-phosphate dehydrogenase (EC 1.2.1.12),GAPDH,Capra hircus (Goat),333,MVKVGVNGFGRIGRLVTRAAFNTGKVDIVAINDPFIDLHYMVYMFQYDSTHGKFHGTVKAENGKLVINGKAITIFQERDPANIKWGDAGAEYVVESTGVFTTMEKAGAHLKGGAKRVIISAPSADAPMFVMGVNHEKYNNTLKIVSNASCTTNCLAPLAKVIHDHFGIVEGLMTTVHAITATQKTVDGPSGKLWRDGRGAAQNIIPASTGAAKAVGKVIPELNGKLTGMAFRVPTPNVSVVDLTCRLEKPAKYDEIKKVVKQASEGPLKGILGYTEDQVVSCDFNSDTHSSTFDAGAGIALNDHFVKLISWYDNEFGYSNRVVDLMVHMASKE
A6ILS6,unreviewed,A6ILS6_RAT,Glyceraldehyde-3-phosphate dehydrogenase (EC 1.2.1.12),Gapdh rCG_30049,Rattus norvegicus (Rat),333,MVKVGVNGFGRIGRLVTRAAFSCDKVDIVAINDPFIDLNYMVYMFQYDSTHGKFNGTVKAENGKLVINGKPITIFQERDPANIKWGDAGAEYVVESTGVFTTMEKAGAHLKGGAKRVIISAPSADAPMFVMGVNHEKYDNSLKIVSNASCTTNCLAPLAKVIHDNFGIVEGLMTTVHAITATQKTVDGPSGKLWRDGRGAAQNIIPASTGAAKAVGKVIPELNGKLTGMAFRVPTPNVSVVDLTCRLEKPAKYDDIKKVVKQAAEGPLKGILGYTEDQVVSCDFNSNSHSSTFDAGAGIALNDNFVKLISWYDNEYGYSNRVVDLMAYMASKE
D2KHZ9,unreviewed,D2KHZ9_MOUSE,Glyceraldehyde-3-phosphate dehydrogenase (EC 1.2.1.12),Gapdh GAPDH,Mus musculus (Mouse),333,MVKVGVNGFGRIGRLVTRAAICSGKVEIVAINDPFIDLNYMVYMFQYDSTHGKFNGTVKAENGKLVINGKPITIFQERDPTNIKWGEAGAEYVVESTGVFTTMEKAGAHLKGGAKRVIISAPSADAPMFVMGVNHEKYDNSLKIVSNASCTTNCLAPLAKVIHDNFGIVEGLMTTVHAITATQKTVDGPSGKLWRDGRGAAQNIIPASTGAAKAVGKVIPELNGKLTGMAFRVPTPNVSVVDLTCRLEKPAKYDDIKKVVKQASEGPLKGILGYTEDQVVSCDFNSNSHSSTFDAGAGIALNDNFVKLISWYDNEYGYSNRVVDLMAYMASKE
E9PTN6,unreviewed,E9PTN6_RAT,Glyceraldehyde-3-phosphate dehydrogenase (EC 1.2.1.12),LOC108352348 AABR07034445.1,Rattus norvegicus (Rat),333,MVKVGVNGFGRIGRLVTRAAFSCDKVDIVAINDPFIDLNYMVYMFQYDSTHGKFNGTVKAENGKLVINGKPITTFQERDPANIKRGDAGAEYVMESTGVFTTMEKAGAHLKGGAKRVIIFAPSADAPMFVVGVNHEKYDNSLKIVSNASCTTNCLAPLAKVIHDNFGIVEGLMTTVHVITATQKTVDGPSGKLWRDGHGAAQNIIPASTGAAKAVGKVIPELNRKLTGMAFRVPTPNVSVVDLTCRLEKPAKYDDIKKVVKQAAEGPLKGILGYTEDQVVSCDFNSNSHFSTFDAGAGIALDDNFVKLISWYDNEYGYSNRVVDLMAYMASKE
A0A2J8JEW8,unreviewed,A0A2J8JEW8_PANTR,Glyceraldehyde-3-phosphate dehydrogenase (EC 1.2.1.12),GAPDH,Pan troglodytes (Chimpanzee),335,MGKVKVGVNGFGRIGRLVTRAAFNSGKVDIVAINDPFIDLNYMVYMFQYDSTHGKFHGTVKAENGKLVINGNPITIFQERDPSKIKWGDAGAEYVVESTGVFTTMEKAGAHLQGGAKRVIISAPSADAPMFVMGVNHEKYDNSLKIISNASCTTNCLAPLAKVIHDNFGIVEGLMTTVHAITATQKTVDGPSGKLWRDGRGALQNIIPASTGAAKAVGKVIPELNGKLTGMAFRVPTANVSVVDLTCRLEKPAKYDDIKKVVKQASEGPLKGILGYTEHQVVSSDFNSDTHSSTFDAGAGIALNDHFVKLISWYDNEFGYSNRVVDLMAHMASKE
A0A2K5XKP3,unreviewed,A0A2K5XKP3_MANLE,Glyceraldehyde-3-phosphate dehydrogenase (EC 1.2.1.12),GAPDH,Mandrillus leucophaeus (Drill) (Papio leucophaeus),335,MGKVKVGVNGFGRIGRLVTRAAFNSGKVDIVAINDPFIDLNYMVYMFQYDSTHGKFHGTVKAENGKLVINGSPITIFQERDPSKIKWGDAGAEYVVESTGVFTTTEKAGAHLQGGAKRVIISAPSADAPMFVMGVNHEKYDNSLKIVSNASCTTNCLAPLAKVIHDNFGIVEGLMTTVHAITATQKTVDGPSGKLWRDGRGALQNIIPASTGAAKAVGKVIPELNGKLTGMAFRVPTANVSVVDLTCRLEKPAKYDDIKKVVKQASEGPLKGILGYTEHQVVSSDFNSDTHSSTFDAGAGIALNDHFVKLISWYDNEFGYSNRVVDLMAHMASKE
A0A2K6DF12,unreviewed,A0A2K6DF12_MACNE,Glyceraldehyde-3-phosphate dehydrogenase (EC 1.2.1.12),GAPDH,Macaca nemestrina (Pig-tailed macaque),335,MGKVKVGVNGFGRIGRLVTRAAFNSGKVDIVAINDPFIDLNYMVYMFQYDSTHGKFHGTVKAENGKLVINGSPITIFQERDPSKIKWGDAGAEYVVESTGVFTTTEKAGAHLQGGAKRVIISAPSADAPMFVMGVNHEKYDNSLKIVSNASCTTNCLAPLAKVIHDNFGIVEGLMTTVHAITATQKTVDGPSGKLWRDGRGALQNIIPASTGAAKAVGKVIPELNGKLTGMAFRVPTANVSVVDLTCRLEKPAKYDDIKKVVKQASEGPLKGILGYTEHQVVSSDFNSDTHSSTFDAGAGIALNDHFVKLISWYDNEFGYSNRVVDLMAHMASKE
A0A2R9BWP9,unreviewed,A0A2R9BWP9_PANPA,Glyceraldehyde-3-phosphate dehydrogenase (EC 1.2.1.12),GAPDH,Pan paniscus (Pygmy chimpanzee) (Bonobo),335,MGKVKVGVNGFGRIGRLVTRAAFNSGKVDIVAINDPFIDLNYMVYMFQYDSTHGKFHGTVKAENGKLVINGNPITIFQERDPSKIKWGDAGAEYVVESTGVFTTMEKAGAHLQGGAKRVIISAPSADAPMFVMGVNHEKYDNSLKIISNASCTTNCLAPLAKVIHDNFGIVEGLMTTVHAITATQKTVDGPSGKLWRDGRGALQNIIPASTGAAKAVGKVIPELNGKLTGMAFRVPTANVSVVDLTCRLEKPAKYDDIKKVVKQASEGPLKGILGYTEHQVVSSDFNSDTHSSTFDAGAGIALNDHFVKLISWYDNEFGYSNRVVDLMAHMASKE
A0A6D2WJ05,unreviewed,A0A6D2WJ05_PONAB,Glyceraldehyde-3-phosphate dehydrogenase (EC 1.2.1.12),GAPDH CR201_G0036254,Pongo abelii (Sumatran orangutan) (Pongo pygmaeus abelii),335,MGKVKVGINGFGRIGRLVTRAAFNSGKVDIVAINDPFIDLNYMVYMFQYDSTHGKFHGTVKAENGKLVINGNPITIFQERDPSKIKWGDAGAEYVVESTGVFTTMEKAGAHLQGGAKRVIISAPSADAPMFVMGVNHEKYDNSLKIVSNASCTTNCLAPLAKVIHDNFGIVEGLMTTVHAITATQKTVDGPSGKLWRDGRGALQNIIPASTGAAKAVGKVIPELNGKLTGMAFRVPTANVSVVDLTCRLEKAAKYDDIKKVVKQASEGPLKGILGYTEHQVVSSDFNSDTHSSTFDAGAGIALNDHFVKLISWYDNEFGYSNRVVDLMAHMASKE
A0A6D2X996,unreviewed,A0A6D2X996_PANTR,Glyceraldehyde-3-phosphate dehydrogenase (EC 1.2.1.12),GAPDH CK820_G0048159,Pan troglodytes (Chimpanzee),335,MGKVKVGVNGFGRIGRLVTRAAFNSGKVDIVAINDPFIDLNYMVYMFQYDSTHGKFHGTVKAENGKLVINGNPITIFQERDPSKIKWGDAGAEYVVESTGVFTTMEKAGAHLQGGAKRVIISAPSADAPMFVMGVNHEKYDNSLKIISNASCTTNCLAPLAKVIHDNFGIVEGLMTTVHAITATQKTVDGPSGKLWRDGRGALQNIIPASTGAAKAVGKVIPELNGKLTGMAFRVPTANVSVVDLTCRLEKPAKYDDIKKVVKQASEGPLKGILGYTEHQVVSSDFNSDTHSSTFDAGAGIALNDHFVKLISWYDNEFGYSNRVVDLMAHMASKE
G1QVR0,unreviewed,G1QVR0_NOMLE,Glyceraldehyde-3-phosphate dehydrogenase (EC 1.2.1.12),GAPDH,Nomascus leucogenys (Northern white-cheeked gibbon) (Hylobates leucogenys),335,MGKVKVGVNGFGRIGRLVTRAAFNSGKVDIVAINDPFIDLNYMVYMFQYDSTHGKFHGTVKAENGKLVINGNPITIFQERDPSKIKWGDAGAEYVVESTGVFTTMEKAGAHLQGGAKRVIISAPSADAPMFVMGVNHEKYDNSLKIVSNASCTTNCLAPLAKVIHDNFGIVEGLMTTVHAITATQKTVDGPSGKLWRDGRGALQNIIPASTGAAKAVGKVIPELNGKLTGMAFRVPTANVSVVDLTCRLEKPAKYDDIKKVVKQASEGPLKGILGYTEHQVVSSDFNSDTHSSTFDAGAGIALNDHFVKLISWYDNEFGYSNRVVDLMSHMASKE
G3R288,unreviewed,G3R288_GORGO,Glyceraldehyde-3-phosphate dehydrogenase (EC 1.2.1.12),GAPDH,Gorilla gorilla gorilla (Western lowland gorilla),335,MGKVKVGVNGFGRIGRLVTRAAFNSGKVDIVAINDPFIDLNYMVYMFQYDSTHGKFHGTVKAENGKLVINGNPITIFQERDPSKIKWGDAGAEYVVESTGVFTTMEKAGAHLQGGAKRVIISAPSADAPMFVMGVNHEKYDNSLKIISNASCTTNCLAPLAKVIHDNFGIVEGLMTTVHAITATQKTVDGPSGKLWRDGRGALQNIIPASTGAAKAVGKVIPELNGKLTGMAFRVPTANVSVVDLTCRLEKPAKYDDIKKVVKQASEGPLKGILGYTEHQVVSSDFNSDTHSSTFDAGAGIALNDHFVKLISWYDNEFGYSNRVVDLMAHMASKE
I2CWU4,unreviewed,I2CWU4_MACMU,Glyceraldehyde-3-phosphate dehydrogenase (EC 1.2.1.12),GAPDH,Macaca mulatta (Rhesus macaque),335,MGKVKVGVNGFGRIGRLVTRAAFNSGKVDIVAINDPFIDLNYMVYMFQYDSTHGKFHGTVKAENGKLVINGSPITIFQERDPSKIKWGDAGAEYVVESTGVFTTTEKAGAHLQGGAKRVIISAPSADAPMFVMGVNHEKYDNSLKIVSNASCTTNCLAPLAKVIHDNFGIVEGLMTTVHAITATQKTVDGPSGKLWRDGRGALQNIIPASTGAAKAVGKVIPELNGKLTGMAFRVPTANVSVVDLTCRLEKPAKYDDIKKVVKQASEGPLKGILGYTEHQVVSSDFNSDTHSSTFDAGAGIALNDHFVKLISWYDNEFGYSNRVVDLMAHMASKE
P04406,reviewed,G3P_HUMAN,Glyceraldehyde-3-phosphate dehydrogenase (GAPDH) (EC 1.2.1.12) (Peptidyl-cysteine S-nitrosylase GAPDH) (EC 2.6.99.-),GAPDH GAPD CDABP0047 OK/SW-cl.12,Homo sapiens (Human),335,MGKVKVGVNGFGRIGRLVTRAAFNSGKVDIVAINDPFIDLNYMVYMFQYDSTHGKFHGTVKAENGKLVINGNPITIFQERDPSKIKWGDAGAEYVVESTGVFTTMEKAGAHLQGGAKRVIISAPSADAPMFVMGVNHEKYDNSLKIISNASCTTNCLAPLAKVIHDNFGIVEGLMTTVHAITATQKTVDGPSGKLWRDGRGALQNIIPASTGAAKAVGKVIPELNGKLTGMAFRVPTANVSVVDLTCRLEKPAKYDDIKKVVKQASEGPLKGILGYTEHQVVSSDFNSDTHSSTFDAGAGIALNDHFVKLISWYDNEFGYSNRVVDLMAHMASKE
Q5RAB4,reviewed,G3P_PONAB,Glyceraldehyde-3-phosphate dehydrogenase (GAPDH) (EC 1.2.1.12) (Peptidyl-cysteine S-nitrosylase GAPDH) (EC 2.6.99.-),GAPDH GAPD,Pongo abelii (Sumatran orangutan) (Pongo pygmaeus abelii),335,MGKVKVGINGFGRIGRLVTRAAFNSGKVDIVAINDPFIDLNYMVYMFQYDSTHGKFHGTVKAENGKLVINGNPITIFQERDPSKIKWGDAGAEYVVESTGVFTTMEKAGAHLQGGAKRVIISAPSADAPMFVMGVNHEKYDNSLKIVSNASCTTNCLAPLAKVIHDNFGIVEGLMTTVHAITATQKTVDGPSGKLWRDGRGALQNIIPASTGAAKAVGKVIPELNGKLTGMAFRVPTANVSVVDLTCRLEKAAKYDDIKKVVKQASEGPLKGILGYTEHQVVSSDLNSDTHSSTFDAGAGIALNDHFVKLISWYDNEFGYSNRVVDLMAHMASKE
V9HVZ4,unreviewed,V9HVZ4_HUMAN,Glyceraldehyde-3-phosphate dehydrogenase (EC 1.2.1.12),HEL-S-162eP,Homo sapiens (Human),335,MGKVKVGVNGFGRIGRLVTRAAFNSGKVDIVAINDPFIDLNYMVYMFQYDSTHGKFHGTVKAENGKLVINGNPITIFQERDPSKIKWGDAGAEYVVESTGVFTTMEKAGAHLQGGAKRVIISAPSADAPMFVMGVNHEKYDNSLKIISNASCTTNCLAPLAKVIHDNFGIVEGLMTTVHAITATQKTVDGPSGKLWRDGRGALQNIIPASTGAAKAVGKVIPELNGKLTGMAFRVPTANVSVVDLTCRLEKPAKYDDIKKVVKQASEGPLKGILGYTEHQVVSSDFNSDTHSSTFDAGAGIALNDHFVKLISWYDNEFGYSNRVVDLMAHMASKE
A0A452SA90,unreviewed,A0A452SA90_URSAM,Glyceraldehyde-3-phosphate dehydrogenase (EC 1.2.1.12),GAPDH,Ursus americanus (American black bear) (Euarctos americanus),347,MLAFLCLQPRPRDTMVKVGVNGFGRIGRLVTRAAFNSGKVDIVAINDPFIDLNYMVYMFQYDSTHGKFHGTVKAENGKLVINGKSISIFQERDPANIKWGDAGAEYVVESTGVFTTMEKAGAHLKGGAKRVIISAPSADAPMFVMGVNHEKYDNSLKIVSNASCTTNCLAPLAKVIHDNFGIVEGLMTTVHAITATQKTVDGPSGKLWRDGRGAAQNIIPASTGAAKAVGKVIPELNGKLTGMAFRVPTPNVSVVDLTCRLEKAAKYDDIKKVVKQASEGPLKGILGYTEDQVVSCDFNSDTHSSTFDAGAGIALNDHFVKLISWYDNEFGYSNRVVDLMVHMASKE
A0A286Y3V0,unreviewed,A0A286Y3V0_CAVPO,Glyceraldehyde-3-phosphate dehydrogenase (EC 1.2.1.12),GAPDH,Cavia porcellus (Guinea pig),353,MEAALMLTSLSSPAAATRDKMVKVGVNGFGRIGRLVTRAAFMSGKVDIVAINDPFIDLQYMVYMFQYDSTHGKFHGTVKAENGKLVINGKAITIFQERDPANIKWGDAGAEYVVESTGVFTTMEKAGAHLKGGAKRVIISAPSADAPMFVMGVNHEKYDKSLKIVSNASCTTNCLAPLAKVIHDNFGIVEGLMTTVHAITATQKTVDGPSGKLWRDGRGAAQNIIPASTGAAKAVGKVIPELNGKLTGMAFRVPTPNVSVVDLTCRLEKPAKYDDIKKVVKQASEGSLKGILGYTEDQVVSCDFNSDSHSSTFDAGAGIALNDHFVKLVSWYDNEFGYSNRVVDLMVHMASKE
A0A0A0MQF6,unreviewed,A0A0A0MQF6_MOUSE,Glyceraldehyde-3-phosphate dehydrogenase (EC 1.2.1.12),Gapdh,Mus musculus (Mouse),359,MLPLPRGPSLGSSGKLRRVFPRPVDKMVKVGVNGFGRIGRLVTRAAICSGKVEIVAINDPFIDLNYMVYMFQYDSTHGKFNGTVKAENGKLVINGKPITIFQERDPTNIKWGEAGAEYVVESTGVFTTMEKAGAHLKGGAKRVIISAPSADAPMFVMGVNHEKYDNSLKIVSNASCTTNCLAPLAKVIHDNFGIVEGLMTTVHAITATQKTVDGPSGKLWRDGRGAAQNIIPASTGAAKAVGKVIPELNGKLTGMAFRVPTPNVSVVDLTCRLEKPAKYDDIKKVVKQASEGPLKGILGYTEDQVVSCDFNSNSHSSTFDAGAGIALNDNFVKLISWYDNEYGYSNRVVDLMAYMASKE
M0R660,unreviewed,M0R660_RAT,Glyceraldehyde-3-phosphate dehydrogenase (EC 1.2.1.12),Mir100hgl,Rattus norvegicus (Rat),362,MFADAQCITGHQYRQPHLLVQCQPRLIDKMVKVGVNGFGRIGRLVTRAAFSCDKVDIVAINDPFIDLNYMVYMSQYGSPHGKFNSTVKAENGKLVNNGKPITIFQERDPANIKWGDAGAEYVMESTGIFTTMEKAGAHLKGGAKRVIISAPSADAPMFVMGVNHEKYDNSLKIVSNASCTTNCLAPLAKVIHDNFGIVEGLMTTVHAITATQKTVDGPSGKLWRDGRGAAQNIIPASTGAAKAVGKVIPELNGKLTGMAFRVPTPNVSVVDLTCRLEKPAKYDDIKKVVKQAAEGPLKGILGYTEDQVVSCDFNSNSHSSTFDAGAGIALNDNFVKLISWYDNEYGYSNRVVDLMAYMASKE
P80534,reviewed,G3P_JACOR,"Glyceraldehyde-3-phosphate dehydrogenase, muscle (GAPDH) (EC 1.2.1.12) (Peptidyl-cysteine S-nitrosylase GAPDH) (EC 2.6.99.-) [Cleaved into: Glyceraldehyde-3-phosphate dehydrogenase, muscle, N-terminally processed]",,Jaculus orientalis (Greater Egyptian jerboa),363,MVKVGVNGFGRIGRLVTRAAFNSGKVDIVAINDPFIDLNYMVYMFKYDSTHGKFKVDIVAINDPFIDLNYMVYMFKYDSTHGKFKGTVKAENGKLVINGHAITIFQERDPSKIKWGDAGAEYVVESTGVFTTMEKAGAHLKGGAKRVIISAPSRDAPMFVMGVNHEKYDKSLKIVSNASCTTNCLAPLAKVIHDNFGIVEGLMTTVHAITATQKTVDGPSAKLWRDGAGAAQNIIPASTGAAKAVGKVIPELNGKLTGMAFRVPTANVSVVDLTCRLEKPAKYDDIKRVVKQACDGPLKGMLGYTEHQVVSSDFNGDSHSSTFDAGAGIALNDHFVKLVSWYDNEFGYSNRVVDLMVHMASKE
A0A8B8YFI4,unreviewed,A0A8B8YFI4_BALMU,Glyceraldehyde-3-phosphate dehydrogenase (EC 1.2.1.12),GAPDH,Balaenoptera musculus (Blue whale),380,MRTRVTTPPPLTFPINPGCSLPLRSLLLPVRQTAVSCVQCQLRPGNKMVKVGVNGFGRIGRLVTRAAFNSGKVDIVAINDPFIDLHYMVYMFQYDSTHGKFHGTVKAENGKLVINGKAITIFQERDPANIKWGDAGAEYVVESTGVFTTMEKAGAHLKGGAKRVIISAPSADAPMFVMGVNHEKYDNHLKIVSNASCTTNCLAPLAKVIHDHFGILEGLMTTVHAITATQKTVDGPSGKLWRDGRGAAQNIIPASTGAAKAVGKVIPELNGKLTGMAFRVPTPNVSVVDLTCRLEKPAKYEDIKKVVKQAADGPLKGILGYTEDQVVSCDFNSDTHSSTFDAGAGIALNDHFVKLISWYDNEFGYSHRVVDLMVHMASKE
A0A8C9BM56,unreviewed,A0A8C9BM56_PHOSS,Glyceraldehyde-3-phosphate dehydrogenase (EC 1.2.1.12),GAPDH,Phocoena sinus (Vaquita),391,MPPHPGAGTGLGGPASPRPRPSPCPINSGCSLPLRSLLLPVRQAAVSCVQCQLRPGDKMVKVGVNGFGRIGRLVTRAAFNSGKVDIVAINDPFIDLHYMVYMFQYDSTHGKFHGTVKAENGKLVINGKAITIFQERDPANIKWGDAGAEYVVESTGVFTTMEKAGAHLKGGAKRVIISAPSADAPMFVMGVNHEKYDNHLKIVSNASCTTNCLAPLAKVIHDHFGIVEGLMTTVHAITATQKTVDGPSGKLWRDGRGAAQNIIPASTGAAKAVGKVIPELNGKLTGMAFRVPTPNVSVVDLTCRLEKPAKYEDIKKVVKQASEGPLKGILGYTEDQVVSCDFNSDTHSSTFDAGAGIALNDHFVKLISWYDNEFGYSNRVVDLMVHMASKE
Q2KJE5,reviewed,G3PT_BOVIN,"Glyceraldehyde-3-phosphate dehydrogenase, testis-specific (EC 1.2.1.12) (Spermatogenic glyceraldehyde-3-phosphate dehydrogenase)",GAPDHS,Bos taurus (Bovine),395,MSKRDIVLTNVTVVQLLRQPCPEPRVEAEPEPPAQPQPQPEPIKEEVPPPPPPPPAPKKVRELIVGINGFGRIGRLVLRACMEKGVKVVAVNDPFIDLEYMVYMFKYDSTHGRYKGNVEHKKGQLVVDNNEISVFQCKQPKEIPWKSVGSPFVVEATGVYLSLEETKAHIEAGAQRVVICAPSPDAPMFVMGVNEKEYNPSSMKIVSNASCTTNCLAPLAKVIHERFGILEGLMTTVHSYTATQKTVDGPSKKAWRDGRGAHQNIIPASTGAAKAVGKVIPDLKGKLTGMAFRVPTPDVSVVDLTCRLAQPTPYSAIKDAIKAAAKGPMAGILAYTEDEVVSTDFLSDTHSSIFDAKAGIALNDNFVKLISWYDNEYGYSNRVVDLVRYMFSRDK
F1LUV3,unreviewed,F1LUV3_RAT,Glyceraldehyde-3-phosphate dehydrogenase (EC 1.2.1.12),ENSRNOG00000066746,Rattus norvegicus (Rat),398,MTPLPPVTWVLVTELRSLCLRKQFLYKLSHFPGLFIYLFKDKIFGCIAGWPETHYVDQAVLEPHLLVQCQPRLIDKMVKVGVNGFGRIGRLVTRAAFSCDKVDIVAINDPFIDLNYMVYMFQYDSTHSKFNGTVKAENGKLVINGKPITIFQDRDPYVVESTGVFTTMEKAGAHLKGGAKRVIISAPSADAPMFVMGVNHEKYDNSLKIVSNASCTTNCLAPLAKVIHDNFGIVEGLMTTVHAITATQKTVDGPSGKLWRDGRGAAQNIIPASTGAAKAVGKVIPELNGKLTGMAFRVPTPNVSVVDLTCRLEKPAKYDDIKKVVKQAAKGPLKGILGYTEDQVVSCDFNSNSHSSTFDAGAGIALNDNFVKLISWYDNEYGYSNRVVDLMAYMASKE
A0A4X1UVA2,unreviewed,A0A4X1UVA2_PIG,Glyceraldehyde-3-phosphate dehydrogenase (EC 1.2.1.12),GAPDH,Sus scrofa (Pig),402,MCRPCAQTRWQQQCTTLSPLNRFQMTRGCGPVSELHHLLGRMGAFHFVAVLGSQAGLAGLCEEEEMRSPGRKVFGRIGRLVTRAAFNSGKVDIVAINDPFIDLHYMVYMFQYDSTHGKFHGTVKAENGKLVINGKAITIFQERDPANIKWGDAGATYVVESTGVFTTMEKAGAHLKGGAKRVIISAPSADAPMFVMGVNHEKYDNSLKIVSNASCTTNCLAPLAKVIHDHFGIVEGLMTTVHAITATQKTVDGPSGKLWRDGRGAAQNIIPASTGAAKAVGKVIPELNGKLTGMAFRVPTPNVSVVDLTCRLEKPAKYDDIKKVVKQASEGPLKGILGYTEDQVVSCDFNSDTHSSTFDAGAGIALNDHFNVIKSGAPWWYDNEFGYSNRVVDLMVHMASKE
O14556,reviewed,G3PT_HUMAN,"Glyceraldehyde-3-phosphate dehydrogenase, testis-specific (EC 1.2.1.12) (Spermatogenic cell-specific glyceraldehyde 3-phosphate dehydrogenase 2) (GAPDH-2) (Spermatogenic glyceraldehyde-3-phosphate dehydrogenase)",GAPDHS GAPD2 GAPDH2 GAPDS HSD-35 HSD35,Homo sapiens (Human),408,MSKRDIVLTNVTVVQLLRQPCPVTRAPPPPEPKAEVEPQPQPEPTPVREEIKPPPPPLPPHPATPPPKMVSVARELTVGINGFGRIGRLVLRACMEKGVKVVAVNDPFIDPEYMVYMFKYDSTHGRYKGSVEFRNGQLVVDNHEISVYQCKEPKQIPWRAVGSPYVVESTGVYLSIQAASDHISAGAQRVVISAPSPDAPMFVMGVNENDYNPGSMNIVSNASCTTNCLAPLAKVIHERFGIVEGLMTTVHSYTATQKTVDGPSRKAWRDGRGAHQNIIPASTGAAKAVTKVIPELKGKLTGMAFRVPTPDVSVVDLTCRLAQPAPYSAIKEAVKAAAKGPMAGILAYTEDEVVSTDFLGDTHSSIFDAKAGIALNDNFVKLISWYDNEYGYSHRVVDLLRYMFSRDK
Q4R3T1,reviewed,G3PT_MACFA,"Glyceraldehyde-3-phosphate dehydrogenase, testis-specific (EC 1.2.1.12) (Spermatogenic glyceraldehyde-3-phosphate dehydrogenase)",GAPDHS QtsA-14420,Macaca fascicularis (Crab-eating macaque) (Cynomolgus monkey),409,MSKRDIVLTNVTVVQLLRQPCPVTRPPPPPEPKVEIEPQPQPEPTPVREEIKPPPPPSPPPRPATPPPKMGPAPRELTVGINGFGRIGRLVLRACMEKGVKVVAVNDPFIDPEYMVYMFKYDSTHGRYKGSVEFRNGQLVVDNHEISVYQCKEPKQIPWRDVGSPYVVESTGVYLSIEAASNHISAGAQRVVISAPSPDAPTFVMGVNENNYNPGSMNIVSNASCTTNCLAPLAKVIHERFGIVEGLMTTVHSYTATQKTVDGPSKKAWRDGRGAHQNIIPASTGAAKAVTKVIPELKGKLTGMAFRVPTPDVSVVDLTCRLAQPAPYSAIKEAIKAAAKGPMAGILAYTEDEVVSTDFVGDSHSSIFDAKAGIALNDNFVKLISWYDNEYGYSHRVVDLLRYMFSRDK
Q9ESV6,reviewed,G3PT_RAT,"Glyceraldehyde-3-phosphate dehydrogenase, testis-specific (EC 1.2.1.12) (Spermatogenic cell-specific glyceraldehyde 3-phosphate dehydrogenase 2) (GAPDH-2) (Spermatogenic glyceraldehyde-3-phosphate dehydrogenase)",Gapdhs Gapd-s Gapds,Rattus norvegicus (Rat),432,MSRRDVVLTNVTVVQLRRDPCPCPCPCPCPCPCPVIRPPPPPPKVEEPPPPKEEPPPPPPPPPPPQIEPEEPKEAPPPPPPPPPPPPPPPPPPPKPAKELTVGINGFGRIGRLVLRVCMEKGVRVVAVNDPFIDPEYMVYMFKYDSTHGRYKGTVEHKNGRLVVDNLEINVFQCKEPKEIPWSSVGNPYVVEATGVYLSIEAASGHISSGARRVIVTAPSPDAPMLVMGVNEKDYNPGSMTVVSNASCTTNCLAPLAKVIHERFGIVEGLMTTVHAYTATQKTVDGPSKKDWRGGRGAHQNIIPSSTGAAKAVGKVIPELNGKLTGMAFRVPTPNVSVVDLTCRLAQPASYTAIKEAVKAAAKGPMAGILAYTEDQVVSTDFNGDSHSSIFDAKAGIALNDNFVKLVSWYDNEYGYSHRVVDLLRYMFSREK
Q64467,reviewed,G3PT_MOUSE,"Glyceraldehyde-3-phosphate dehydrogenase, testis-specific (EC 1.2.1.12) (Spermatogenic cell-specific glyceraldehyde 3-phosphate dehydrogenase 2) (GAPDH-2) (Spermatogenic glyceraldehyde-3-phosphate dehydrogenase)",Gapdhs Gapd-s Gapds,Mus musculus (Mouse),440,MSRRDVVLTNVTVVQLRRDRCPCPCPCPCPCPCPVIRPPPPKLEDPPPTVEEQPPPPPPPPPPPPPPPPPPPPQIEPDKFEEAPPPPPPPPPPPPPPPPPLQKPARELTVGINGFGRIGRLVLRVCMEKGIRVVAVNDPFIDPEYMVYMFKYDSTHGRYKGNVEHKNGQLVVDNLEINTYQCKDPKEIPWSSIGNPYVVECTGVYLSIEAASAHISSGARRVVVTAPSPDAPMFVMGVNEKDYNPGSMTIVSNASCTTNCLAPLAKVIHENFGIVEGLMTTVHSYTATQKTVDGPSKKDWRGGRGAHQNIIPSSTGAAKAVGKVIPELKGKLTGMAFRVPTPNVSVVDLTCRLAKPASYSAITEAVKAAAKGPLAGILAYTEDQVVSTDFNGNPHSSIFDAKAGIALNDNFVKLVAWYDNEYGYSNRVVDLLRYMFSREK